run,dataset,bus,model,variant,system_label,model_name,accuracy,balanced_accuracy,precision,recall,f1,mcc,fpr,fnr,auroc,auprc,latency_ms_per_sample,n,threshold
qgrid30_cnn1d_full,qgrid,30,cnn1d,full,QGrid-Synth 30-bus,1D-CNN,0.9774850299401198,0.9774850299401198,0.9887826406767194,0.9659281437125748,0.9772217846974011,0.9552252568334644,0.01095808383233533,0.03407185628742515,0.9964192495249022,0.9970836719337777,0.0056467752089489716,33400,
qgrid30_cnn1d_zplusa,qgrid,30,cnn1d,z_plus_abs_a,QGrid-Synth 30-bus,1D-CNN+|a|,0.999940119760479,0.999940119760479,1.0,0.9998802395209581,0.9999401161746212,0.9998802466913854,0.0,0.00011976047904191617,1.0,1.0,0.005753423773243042,33400,
qgrid30_mlp_full,qgrid,30,mlp,full,QGrid-Synth 30-bus,MLP,0.9699700598802395,0.9699700598802394,0.9718631635904527,0.9679640718562874,0.969909699096991,0.9399476844672354,0.028023952095808383,0.032035928143712575,0.9952049517731006,0.9959786912849635,0.004647884435650564,33400,
qgrid30_mlp_zplusa,qgrid,30,mlp,z_plus_abs_a,QGrid-Synth 30-bus,MLP+|a|,0.9998203592814371,0.9998203592814372,1.0,0.9996407185628743,0.9998203270048511,0.9996407830812675,0.0,0.0003592814371257485,0.9999999999999999,1.0,0.004935011917357138,33400,
qgrid30_gcn_full,qgrid,30,gcn,full,QGrid-Synth 30-bus,GCN,0.8852395209580838,0.8852395209580839,0.9932530859464848,0.775748502994012,0.8711293413576303,0.7896445922050411,0.005269461077844311,0.22425149700598804,0.9660467442360788,0.9738631945793723,0.005385535720367721,33400,
qgrid30_wgcn_full,qgrid,30,wgcn,full,QGrid-Synth 30-bus,W-GCN,0.9511676646706587,0.9511676646706586,0.9864419910904513,0.9149101796407185,0.9493305166361179,0.9047171564249162,0.012574850299401197,0.08508982035928143,0.9865397074115243,0.9897355522557012,0.005469575209241963,33400,
qgrid30_gat_full,qgrid,30,gat,full,QGrid-Synth 30-bus,GAT,0.9012275449101796,0.9012275449101796,1.0,0.8024550898203593,0.890402312215541,0.8185862838914472,0.0,0.1975449101796407,0.9864225303883252,0.9897818793329646,0.006266067454223326,33400,
qgrid30_qgnn_pilot,qgrid,30,qgnn,pilot,QGrid-Synth 30-bus,QGNN-pilot,0.7625,0.7646595483983896,0.875,0.6206896551724138,0.7262247838616714,0.5513120260920993,0.09137055837563451,0.3793103448275862,0.8030556875296941,0.8604064992480185,7.484266479732469,400,
qgrid30_qgnn_calibrated,qgrid,30,qgnn,calibrated,QGrid-Synth 30-bus,QGNN-cal,0.755,0.7551699132304768,0.766497461928934,0.7438423645320197,0.755,0.5103398264609537,0.233502538071066,0.2561576354679803,0.8030556875296941,0.8604064992480185,7.461983549874276,400,0.37454932928085327
ruan30_cnn1d_full,ruan,30,cnn1d,full,Ruan CAISO 30-bus,1D-CNN,0.9963,0.9963007398520296,1.0,0.9926014797040592,0.9962870045158053,0.9926271890822255,0.0,0.007398520295940812,0.9978619799144792,0.9986489324282106,0.008478863607160747,10000,
ruan30_mlp_full,ruan,30,mlp,full,Ruan CAISO 30-bus,MLP,0.9961,0.9961007798440311,1.0,0.9922015596880623,0.9960855164107196,0.9922301958658866,0.0,0.007798440311937612,0.9980696799227872,0.9987721212423655,0.004758220608346164,10000,
ruan30_gcn_full,ruan,30,gcn,full,Ruan CAISO 30-bus,GCN,0.8836,0.883622675344907,0.9961210240496509,0.770245950809838,0.8687415426251691,0.7877359986060751,0.0030006001200240046,0.22975404919016196,0.967505798700232,0.9751609964749035,0.007589529803954065,10000,
ruan30_wgcn_full,ruan,30,wgcn,full,Ruan CAISO 30-bus,W-GCN,0.9557,0.9557066982282679,0.9884269181311616,0.9222155568886222,0.9541739940002069,0.9134536816320815,0.010802160432086417,0.07778444311137772,0.9745755189830207,0.9828693995458957,0.0053619485115632415,10000,
ruan30_gat_full,ruan,30,gat,full,Ruan CAISO 30-bus,GAT,0.9118,0.9118176364727055,1.0,0.823635272945411,0.9032894736842105,0.8367263528387232,0.0,0.17636472705458908,0.9705663388226536,0.9793721802702267,0.006098988885059953,10000,
ruan30_qgnn_pilot,ruan,30,qgnn,pilot,Ruan CAISO 30-bus,QGNN-pilot,0.5125,0.49516908212560384,0.5150753768844221,0.9903381642512077,0.6776859504132231,-0.06844897412735788,1.0,0.00966183574879227,0.5338039097894921,0.6153623793701093,7.3833093827124685,400,
ruan30_qgnn_calibrated,ruan,30,qgnn,calibrated,Ruan CAISO 30-bus,QGNN-cal,0.5175,0.5,0.5175,1.0,0.6820428336079077,0.0,1.0,0.0,0.5214387624840429,0.6055315213981951,7.302680457360111,400,0.4775508642196655
ruan30_qgnn_enhanced4,ruan,30,qgnn,enhanced4,Ruan CAISO 30-bus,QGNN-enh4,0.52,0.5036419614027183,0.5193798449612403,0.9710144927536232,0.6767676767676768,0.020525890280598896,0.9637305699481865,0.028985507246376812,0.6688818803033716,0.7507912562445598,6.620381117099896,400,0.4230857789516449
ruan30_qgnn_enhanced6,ruan,30,qgnn,enhanced6,Ruan CAISO 30-bus,QGNN-enh6,0.795,0.8019323671497585,1.0,0.6038647342995169,0.7530120481927711,0.6510017280239788,0.0,0.3961352657004831,0.7038872618958224,0.8211360022659335,10.96613920526579,400,0.4446038603782654
ruan30_qgnn_enhanced6_balacc,ruan,30,qgnn,enhanced6_balacc,Ruan CAISO 30-bus,QGNN-enh6-BA,0.795,0.8019323671497585,1.0,0.6038647342995169,0.7530120481927711,0.6510017280239788,0.0,0.3961352657004831,0.7038872618958224,0.8211360022659335,10.741488122730516,400,0.4446038603782654
