bus,seed,family,method,n,result_path,asr,evasion_rate,mean_sds,mean_stealth,tau_bdd
118,0,Q-NPG-FDIA,Q-NPG-FDIA,256,runs/qnpg_seed_sweep/bus118_seed0/qnpg_118_results.csv,1.0,1.0,0.07465339494947293,0.9651791595364226,272.83576939209644
118,0,Q-NPG-FDIA,liu_stealthy,256,runs/qnpg_seed_sweep/bus118_seed0/qnpg_118_results.csv,0.0,1.0,0.0036076421197872065,1.0,272.83576939209644
118,0,Q-NPG-FDIA,step,256,runs/qnpg_seed_sweep/bus118_seed0/qnpg_118_results.csv,0.99609375,1.0,0.031044744856370217,0.6470452858134608,272.83576939209644
118,0,Q-NPG-FDIA,random,256,runs/qnpg_seed_sweep/bus118_seed0/qnpg_118_results.csv,0.0,1.0,0.010866679166205954,0.8836424676214355,272.83576939209644
118,0,Q-NPG-FDIA,multiplicative,256,runs/qnpg_seed_sweep/bus118_seed0/qnpg_118_results.csv,1.0,1.0,0.1895379282477733,0.9242516775059006,272.83576939209644
118,0,Q-NPG-FDIA,coordinated_sparse,256,runs/qnpg_seed_sweep/bus118_seed0/qnpg_118_results.csv,0.0,1.0,0.0054816148750509944,0.9724227660084674,272.83576939209644
118,1,Q-NPG-FDIA,Q-NPG-FDIA,256,runs/qnpg_seed_sweep/bus118_seed1/qnpg_118_results.csv,1.0,1.0,0.08708763832329436,0.93974034426064,272.83576939209644
118,1,Q-NPG-FDIA,liu_stealthy,256,runs/qnpg_seed_sweep/bus118_seed1/qnpg_118_results.csv,0.0,1.0,0.003606854089098001,1.0,272.83576939209644
118,1,Q-NPG-FDIA,step,256,runs/qnpg_seed_sweep/bus118_seed1/qnpg_118_results.csv,0.99609375,1.0,0.030815076295465562,0.6481475455503536,272.83576939209644
118,1,Q-NPG-FDIA,random,256,runs/qnpg_seed_sweep/bus118_seed1/qnpg_118_results.csv,0.0,1.0,0.010965313549140022,0.8842639095937168,272.83576939209644
118,1,Q-NPG-FDIA,multiplicative,256,runs/qnpg_seed_sweep/bus118_seed1/qnpg_118_results.csv,1.0,1.0,0.18856388300271426,0.9247333219167431,272.83576939209644
118,1,Q-NPG-FDIA,coordinated_sparse,256,runs/qnpg_seed_sweep/bus118_seed1/qnpg_118_results.csv,0.0,1.0,0.005510344106325524,0.9709316035171063,272.83576939209644
118,2,Q-NPG-FDIA,Q-NPG-FDIA,256,runs/qnpg_seed_sweep/bus118_seed2/qnpg_118_results.csv,1.0,1.0,0.08089646575448875,0.9343958166754875,272.83576939209644
118,2,Q-NPG-FDIA,liu_stealthy,256,runs/qnpg_seed_sweep/bus118_seed2/qnpg_118_results.csv,0.0,1.0,0.003609741134173613,1.0,272.83576939209644
118,2,Q-NPG-FDIA,step,256,runs/qnpg_seed_sweep/bus118_seed2/qnpg_118_results.csv,1.0,1.0,0.03100414484777173,0.6454822495161332,272.83576939209644
118,2,Q-NPG-FDIA,random,256,runs/qnpg_seed_sweep/bus118_seed2/qnpg_118_results.csv,0.0,1.0,0.010782639729323302,0.8821479997995745,272.83576939209644
118,2,Q-NPG-FDIA,multiplicative,256,runs/qnpg_seed_sweep/bus118_seed2/qnpg_118_results.csv,1.0,1.0,0.18340524558725263,0.9283190995516639,272.83576939209644
118,2,Q-NPG-FDIA,coordinated_sparse,256,runs/qnpg_seed_sweep/bus118_seed2/qnpg_118_results.csv,0.0,1.0,0.005402976196177755,0.9711940751123588,272.83576939209644
30,0,Q-NPG-FDIA,Q-NPG-FDIA,256,runs/qnpg_seed_sweep/bus30_seed0/qnpg_30_results.csv,1.0,1.0,0.572860638757132,0.5894422832493657,79.08194448784874
30,0,Q-NPG-FDIA,liu_stealthy,256,runs/qnpg_seed_sweep/bus30_seed0/qnpg_30_results.csv,0.33984375,1.0,0.01881113266062949,1.0,79.08194448784874
30,0,Q-NPG-FDIA,step,256,runs/qnpg_seed_sweep/bus30_seed0/qnpg_30_results.csv,0.0,0.0,0.05144108464733076,0.0,79.08194448784874
30,0,Q-NPG-FDIA,random,256,runs/qnpg_seed_sweep/bus30_seed0/qnpg_30_results.csv,0.4921875,0.921875,0.0211554880418227,0.39442879089523136,79.08194448784874
30,0,Q-NPG-FDIA,multiplicative,256,runs/qnpg_seed_sweep/bus30_seed0/qnpg_30_results.csv,1.0,1.0,0.2686936166943705,0.9829967403061027,79.08194448784874
30,0,Q-NPG-FDIA,coordinated_sparse,256,runs/qnpg_seed_sweep/bus30_seed0/qnpg_30_results.csv,0.4921875,0.92578125,0.021002166699626186,0.37573113660853497,79.08194448784874
30,1,Q-NPG-FDIA,Q-NPG-FDIA,256,runs/qnpg_seed_sweep/bus30_seed1/qnpg_30_results.csv,1.0,1.0,0.3614719250659101,0.7170665945864652,79.08194448784874
30,1,Q-NPG-FDIA,liu_stealthy,256,runs/qnpg_seed_sweep/bus30_seed1/qnpg_30_results.csv,0.390625,1.0,0.01942625919778747,1.0,79.08194448784874
30,1,Q-NPG-FDIA,step,256,runs/qnpg_seed_sweep/bus30_seed1/qnpg_30_results.csv,0.0,0.0,0.050299010973542,0.0,79.08194448784874
30,1,Q-NPG-FDIA,random,256,runs/qnpg_seed_sweep/bus30_seed1/qnpg_30_results.csv,0.4375,0.90234375,0.020324124548963256,0.3963176527489359,79.08194448784874
30,1,Q-NPG-FDIA,multiplicative,256,runs/qnpg_seed_sweep/bus30_seed1/qnpg_30_results.csv,1.0,1.0,0.2687009963412493,0.9830022295998677,79.08194448784874
30,1,Q-NPG-FDIA,coordinated_sparse,256,runs/qnpg_seed_sweep/bus30_seed1/qnpg_30_results.csv,0.4453125,0.90625,0.02062194499476699,0.3605374214851651,79.08194448784874
30,2,Q-NPG-FDIA,Q-NPG-FDIA,256,runs/qnpg_seed_sweep/bus30_seed2/qnpg_30_results.csv,1.0,1.0,0.4133850232703158,0.7587297684937433,79.08194448784874
30,2,Q-NPG-FDIA,liu_stealthy,256,runs/qnpg_seed_sweep/bus30_seed2/qnpg_30_results.csv,0.33203125,1.0,0.018626966272238626,1.0,79.08194448784874
30,2,Q-NPG-FDIA,step,256,runs/qnpg_seed_sweep/bus30_seed2/qnpg_30_results.csv,0.0,0.0,0.05108309153387257,0.0,79.08194448784874
30,2,Q-NPG-FDIA,random,256,runs/qnpg_seed_sweep/bus30_seed2/qnpg_30_results.csv,0.45703125,0.90625,0.020751744213662597,0.3679037683525316,79.08194448784874
30,2,Q-NPG-FDIA,multiplicative,256,runs/qnpg_seed_sweep/bus30_seed2/qnpg_30_results.csv,1.0,1.0,0.26867991366092764,0.9830342122806922,79.08194448784874
30,2,Q-NPG-FDIA,coordinated_sparse,256,runs/qnpg_seed_sweep/bus30_seed2/qnpg_30_results.csv,0.51171875,0.9375,0.021316177803259645,0.39306496010543746,79.08194448784874
57,0,Q-NPG-FDIA,Q-NPG-FDIA,256,runs/qnpg_seed_sweep/bus57_seed0/qnpg_57_results.csv,1.0,1.0,0.3467417772224294,0.8442285783538367,139.92077389845574
57,0,Q-NPG-FDIA,liu_stealthy,256,runs/qnpg_seed_sweep/bus57_seed0/qnpg_57_results.csv,0.03125,1.0,0.01367411685969228,1.0,139.92077389845574
57,0,Q-NPG-FDIA,step,256,runs/qnpg_seed_sweep/bus57_seed0/qnpg_57_results.csv,1.0,1.0,0.04187298952889841,0.29163531472669385,139.92077389845574
57,0,Q-NPG-FDIA,random,256,runs/qnpg_seed_sweep/bus57_seed0/qnpg_57_results.csv,0.328125,1.0,0.018212845382162696,0.7623330947866878,139.92077389845574
57,0,Q-NPG-FDIA,multiplicative,256,runs/qnpg_seed_sweep/bus57_seed0/qnpg_57_results.csv,1.0,1.0,0.28459386389151353,0.9136923955056439,139.92077389845574
57,0,Q-NPG-FDIA,coordinated_sparse,256,runs/qnpg_seed_sweep/bus57_seed0/qnpg_57_results.csv,0.05078125,1.0,0.013202187301844002,0.8724599913594746,139.92077389845574
57,1,Q-NPG-FDIA,Q-NPG-FDIA,256,runs/qnpg_seed_sweep/bus57_seed1/qnpg_57_results.csv,1.0,1.0,0.26065881764040355,0.845378374357477,139.92077389845574
57,1,Q-NPG-FDIA,liu_stealthy,256,runs/qnpg_seed_sweep/bus57_seed1/qnpg_57_results.csv,0.0234375,1.0,0.013404335489909516,1.0,139.92077389845574
57,1,Q-NPG-FDIA,step,256,runs/qnpg_seed_sweep/bus57_seed1/qnpg_57_results.csv,1.0,1.0,0.04165650145709718,0.2808288226361722,139.92077389845574
57,1,Q-NPG-FDIA,random,256,runs/qnpg_seed_sweep/bus57_seed1/qnpg_57_results.csv,0.3515625,1.0,0.018376840596102485,0.757849857335895,139.92077389845574
57,1,Q-NPG-FDIA,multiplicative,256,runs/qnpg_seed_sweep/bus57_seed1/qnpg_57_results.csv,1.0,1.0,0.2884659913880795,0.9114984303220476,139.92077389845574
57,1,Q-NPG-FDIA,coordinated_sparse,256,runs/qnpg_seed_sweep/bus57_seed1/qnpg_57_results.csv,0.0546875,1.0,0.0131271299713853,0.8744897591879204,139.92077389845574
57,2,Q-NPG-FDIA,Q-NPG-FDIA,256,runs/qnpg_seed_sweep/bus57_seed2/qnpg_57_results.csv,1.0,1.0,0.34053491464007624,0.7827739358686072,139.92077389845574
57,2,Q-NPG-FDIA,liu_stealthy,256,runs/qnpg_seed_sweep/bus57_seed2/qnpg_57_results.csv,0.03125,1.0,0.013681308823226537,1.0,139.92077389845574
57,2,Q-NPG-FDIA,step,256,runs/qnpg_seed_sweep/bus57_seed2/qnpg_57_results.csv,1.0,1.0,0.04129180877162046,0.2856154318057461,139.92077389845574
57,2,Q-NPG-FDIA,random,256,runs/qnpg_seed_sweep/bus57_seed2/qnpg_57_results.csv,0.29296875,1.0,0.01806371868387035,0.7605496860687134,139.92077389845574
57,2,Q-NPG-FDIA,multiplicative,256,runs/qnpg_seed_sweep/bus57_seed2/qnpg_57_results.csv,1.0,1.0,0.2897868577090936,0.9105954700572032,139.92077389845574
57,2,Q-NPG-FDIA,coordinated_sparse,256,runs/qnpg_seed_sweep/bus57_seed2/qnpg_57_results.csv,0.0625,1.0,0.013533594626398401,0.8686540416367992,139.92077389845574
